row	column	english
3	message	I'm sorry. I can't afford to lose.
4	message	I want to protect everyone too!
5	message	For the sake of those I love… I will fight!
6	message	I'm sorry! I can't let you go any further!
7	message	Are you really… me?
8	message	Why me… Please, answer me!
9	message	Huh? Why are you here… You're someone else…?
10	message	Is this… magic, I wonder?
11	message	I will stop you…!
12	message	Nobody wants this…! Nobody!
13	message	This sad fighting… I have to end it.
14	message	You look the same, but inside you're completely different…
15	message	I… will protect this world I love!
16	message	I won't let you erase everyone!\nI'll stop you, no matter what!
17	message	Such a wonderful singing voice, and yet…\nwe still have to… fight, don't we…
18	message	I'm sorry. I can't afford to lose.
19	message	I want to protect everyone too!
20	message	For the sake of those I love… I will fight!
21	message	I'm sorry! I can't let you go any further!
22	message	Not human? …A machine…?\nSomething like a golem?…
23	message	I'm sorry. I can't afford to lose.
24	message	I want to protect everyone too!
25	message	For the sake of those I love… I will fight!
26	message	I'm sorry! I can't let you go any further!
27	message	Huh? Those ears… Are you an elf too?
28	message	I'm sorry. I can't afford to lose.
29	message	I want to protect everyone too!
30	message	For the sake of those I love… I will fight!
31	message	I'm sorry! I can't let you go any further!
32	message	Ara, ara, ara~\nit doesn't feel like this is our first meeting~
33	message	Huh? Why are you here… You're someone else…?
34	message	Is this… magic, I wonder?
35	message	Ara, ara, ara~\nit doesn't feel like this is our first meeting~
36	message	This sad fighting… I have to end it.
37	message	You look the same, but inside you're completely different…
38	message	I'm a bearer of the Void too!
39	message	I can't give up this ground!
40	message	This ends now… Here I go!!
41	message	You're still fighting…?
42	message	Ugh… won't you just stop?
43	message	I won't lose!
44	message	I still don't have enough strength, maybe…
45	message	I wonder if I was of any use…
46	message	I hope everyone's all right…
47	message	It seems it's over…
48	message	Because I want to stay together with everyone…
49	message	Is it… over? …Thank goodness…
50	message	Watch out!
51	message	Th-that was close
52	message	Thank goodness…
53	message	Th-thank you… you saved me…
54	message	It seems I'm all right.
55	message	Phew… thank goodness…
56	message	I'm… still all right…
57	message	I can still fight…
58	message	I have to end this quickly…
59	message	I-I can't anymore…
60	message	I can't fight anymore…
61	message	As I thought… someone like me…
62	message	Fighting is pointless!
63	message	Calm your heart!
64	message	This song, maybe…?
65	message	A-are you all right?
66	message	Kyaa!
67	message	Hatred creates nothing!
68	message	Let's stop this!
69	message	I will stop you…!
70	message	What's wrong!?
71	message	Ah!
72	message	I have to protect everyone!
73	message	This is my—
74	message	With my forgetfulness magic!
75	message	Ah, huh…?
76	message	Umm…
77	message	Let's pull back for now!
78	message	I'll hold them off.
79	message	Berukana Man Raguu
80	message	My magic… why…?
81	message	Ahahaha…
82	message	What was that…?
83	message	I have to fight…
84	message	Berukana Man Raguu
85	message	H-huh…?
86	message	Kya!
87	message	Enemies…!?
88	message	I'll use my magic…
89	message	I-I have to stop it!
90	message	Wh-where…?
91	message	Eep!
92	message	I wonder if there really is something weird about my chest…
93	message	This is no time for that!
94	message	Kya!
95	message	Kyaaa!
96	message	Hmm…
97	message	Huh?
98	message	Noooooo!!
99	message	I'm sorry!
100	message	Berukana Man Raguu!
101	message	Why is this happening… How embarrassing…
102	message	I wonder why everyone keeps staring at my chest…
103	message	E-enemies!? I have to run…
104	message	Ah!
105	message	Kyaaa!
106	message	Wh-what's happening…
107	message	Huh…?
108	message	Wawawa…
109	message	Kyaaaaa!
110	message	I-I'm sooorry!
111	message	Ugh… I guess this chest really is the problem…
